السؤال,الإجابة
ما هو مترو الرياض؟,"هو نظام نقل عام متطور في العاصمة السعودية، يتكون من 6 خطوط رئيسية و85 محطة تغطي معظم أنحاء المدينة."
كم عدد خطوط مترو الرياض؟,"يتكون من 6 خطوط رئيسية تمتد لأكثر من 176 كم، لتربط الأحياء السكنية والمراكز التجارية."
متى تم افتتاح مترو الرياض؟,تم افتتاحه رسميًا عام 2024 ليكون أحد أكبر مشاريع النقل في الشرق الأوسط.
ما الهدف من إنشاء مترو الرياض؟,"الهدف هو تقليل الازدحام المروري، وتحسين جودة الحياة، وتوفير وسيلة نقل آمنة ومريحة."
ما هي ساعات عمل المترو اليومية؟,من الساعة 6:00 صباحًا حتى 00:00 (منتصف الليل) طوال أيام الأسبوع.
هل يعمل المترو في عطلة نهاية الأسبوع؟,"نعم، لكن يبدأ التشغيل يوم الجمعة من الساعة 2:00 ظهرًا حتى 00:00 (منتصف الليل)."
كم يبلغ متوسط زمن الانتظار بين القطارات؟,يتراوح بين 3 إلى 7 دقائق في أوقات الذروة.
هل المترو آمن للعائلات؟,"نعم، يحتوي على مقصورات مخصصة للعائلات وأخرى للأفراد مع كاميرات مراقبة."
كم تبلغ تكلفة التذكرة الواحدة؟,تبدأ الأسعار من 4 ريالات وتزداد حسب عدد المحطات المقطوعة.
هل يوجد تطبيق خاص بمترو الرياض؟,"نعم، يمكن تحميل تطبيق مترو الرياض لحجز التذاكر وتتبع الرحلات."
ما هو الخط الأزرق؟,هو الخط الأول ويمتد من محطة العليا إلى حطين مرورًا بمركز الملك عبدالله المالي.
ما هو الخط الأحمر؟,هو الخط الثاني ويمتد من محطة صلاح الدين حتى الرياض الجديدة.
ما هو الخط البرتقالي؟,هو الخط الثالث ويمتد من طريق المدينة المنورة إلى طريق الأمير سعد بن عبدالرحمن الأول.
ما هو الخط الأصفر؟,هو الخط الرابع ويربط مطار الملك خالد الدولي بالملك عبدالله المالي.
ما هو الخط الأخضر؟,هو الخط الخامس ويغطي المنطقة الجنوبية من الرياض.
ما هو الخط البنفسجي؟,هو الخط السادس ويربط بين حي السويدي وحي السلام.
كم عدد المحطات في الخط الأزرق؟,يحتوي على 25 محطة تربط شمال الرياض بجنوبها.
كم عدد المحطات في الخط الأحمر؟,يضم 15 محطة تغطي شرق وغرب المدينة.
كم تستغرق الرحلة الكاملة على الخط الأزرق؟,تستغرق الرحلة الكاملة حوالي 40 دقيقة من البداية للنهاية.
هل جميع الخطوط متصلة ببعضها؟,"نعم، يوجد نقاط تقاطع بين معظم الخطوط لتسهيل التنقل بين المحطات."
أين تقع محطة العليا؟,تقع في قلب الرياض على الخط الأزرق وتعد من أهم المحطات المركزية.
ما مواعيد تشغيل محطة العليا؟,تبدأ من الساعة 6:00 صباحًا حتى 00:00 (منتصف الليل).
هل محطة العليا تحتوي على مواقف سيارات؟,"نعم، تحتوي على مواقف واسعة للسيارات."
أين تقع محطة المتحف الوطني؟,تقع على الخط الأحمر بالقرب من حي الديرة ومتحف الرياض الوطني.
متى تبدأ أول رحلة من محطة المتحف الوطني؟,الساعة 6:00 صباحًا.
ما موعد آخر قطار من محطة المتحف الوطني؟,يغادر الساعة 00:00 (منتصف الليل).
أين تقع محطة KAFD؟,تقع في مركز الملك عبدالله المالي وتعد من المحطات الفاخرة.
هل محطة KAFD متصلة بخطوط أخرى؟,"نعم، تتصل بالخط الأزرق والأصفر."
أين تقع محطة المطار؟,تقع في مطار الملك خالد الدولي على الخط الأصفر.
ما مواعيد القطارات في محطة المطار؟,تنطلق أول رحلة الساعة 6:00 صباحًا وآخرها الساعة 00:00 (منتصف الليل).
أين تقع محطة قصر الحكم؟,تقع على الخط الأزرق في وسط الرياض بالقرب من الديرة التاريخية.
هل محطة قصر الحكم مزدحمة عادة؟,"نعم، بسبب موقعها الحيوي وسط المدينة."
كم تستغرق الرحلة من محطة العليا إلى KAFD؟,حوالي 10 دقائق.
كم تستغرق الرحلة من محطة العليا إلى المتحف الوطني؟,حوالي 15 دقيقة.
كم المدة بين محطة المطار ومحطة العليا؟,حوالي 30 دقيقة.
كم تستغرق الرحلة من محطة صلاح الدين إلى محطة الرياض الجديدة؟,حوالي 25 دقيقة.
كم الوقت من محطة قصر الحكم إلى محطة المتحف الوطني؟,حوالي 6 دقائق.
كم الوقت بين محطة العليا ومحطة قصر الحكم؟,حوالي 7 دقائق.
كم تستغرق الرحلة بين محطة حطين ومحطة العليا؟,حوالي 12 دقيقة.
كم تستغرق الرحلة من محطة السويدي إلى محطة السلام؟,حوالي 18 دقيقة.
كم الوقت بين محطة المطار ومحطة KAFD؟,حوالي 20 دقيقة.
ما هو أسرع خط في المترو؟,الخط الأزرق لأنه يحتوي على أقل عدد من التوقفات.
هل تتوفر خدمة الواي فاي في المترو؟,"نعم، تتوفر خدمة الإنترنت المجانية في القطارات والمحطات."
هل يوجد مصاعد في المحطات؟,"نعم، جميع المحطات مجهزة بمصاعد للأشخاص ذوي الإعاقة."
هل يمكن استخدام بطاقة مدى للدفع؟,"نعم، يمكن الدفع باستخدام بطاقة مدى أو التطبيق الرسمي."
هل توجد كاميرات مراقبة في المحطات؟,"نعم، توجد كاميرات في كل محطة لضمان الأمان."
هل تتوفر دورات مياه في المحطات؟,"نعم، معظم المحطات تحتوي على دورات مياه عامة."
هل المحطات مكيفة بالكامل؟,"نعم، جميع المحطات والقطارات مزودة بالتكييف المركزي."
هل توجد مناطق انتظار مريحة؟,"نعم، تحتوي المحطات على مقاعد ومناطق انتظار مكيفة."
هل يمكن اصطحاب الأطفال؟,"نعم، ولكن يجب مرافقتهم من قبل شخص بالغ."
هل توجد محطات قريبة من الأسواق التجارية؟,"نعم، مثل محطة العليا القريبة من مركز المملكة التجاري."
هل يوجد نظام مفقودات في المترو؟,"نعم، يمكن الإبلاغ عن المفقودات عبر التطبيق أو في مكاتب الاستعلامات."
كم تبلغ سرعة قطارات المترو؟,تصل سرعتها القصوى إلى 90 كم/س.
هل القطارات تعمل بالكهرباء؟,"نعم، جميع القطارات كهربائية وصديقة للبيئة."
كم عدد العربات في كل قطار؟,يتكون كل قطار من 2 إلى 4 عربات حسب الخط.
هل يوجد سائق في القطار؟,"لا، المترو يعمل بنظام قيادة ذاتي بالكامل."
هل يمكن تتبع موقع القطار؟,"نعم، من خلال تطبيق مترو الرياض في الوقت الفعلي."
هل المحطات مزودة بشاشات عرض؟,"نعم، لعرض أوقات الوصول والمغادرة والاتجاهات."
هل يمكن الحجز المسبق للتذاكر؟,"نعم، يمكن الحجز إلكترونيًا عبر التطبيق."
هل يوجد نظام بطاقة اشتراك شهري؟,"نعم، لتسهيل الاستخدام اليومي وتوفير التكلفة."
هل هناك خصومات للطلاب؟,"نعم، يقدم المترو خصومات خاصة للطلاب والموظفين الحكوميين."
هل يمكن الوصول للمطار عبر المترو؟,"نعم، من خلال الخط الأصفر المتجه إلى مطار الملك خالد الدولي."
0,
متى ينطلق أول قطار من محطة الرياض إلى محطة العليا؟,ينطلق أول قطار عادةً حوالي الساعة 5:30 صباحًا من محطة الرياض المركزية (وقت تقريبي وقد يختلف بضع دقائق حسب المحطة).
متى ينطلق أول قطار من محطة الرياض إلى محطة المتحف الوطني؟,ينطلق أول قطار عادةً حوالي الساعة 5:30 صباحًا من محطة الرياض المركزية (وقت تقريبي وقد يختلف بضع دقائق حسب المحطة).
متى ينطلق أول قطار من محطة الرياض إلى محطة KAFD؟,ينطلق أول قطار عادةً حوالي الساعة 5:30 صباحًا من محطة الرياض المركزية (وقت تقريبي وقد يختلف بضع دقائق حسب المحطة).
متى ينطلق أول قطار من محطة الرياض إلى محطة المطار؟,ينطلق أول قطار عادةً حوالي الساعة 5:30 صباحًا من محطة الرياض المركزية (وقت تقريبي وقد يختلف بضع دقائق حسب المحطة).
متى ينطلق أول قطار من محطة الرياض إلى محطة قصر الحكم؟,ينطلق أول قطار عادةً حوالي الساعة 5:30 صباحًا من محطة الرياض المركزية (وقت تقريبي وقد يختلف بضع دقائق حسب المحطة).
متى ينطلق أول قطار من محطة الرياض إلى محطة السويدي؟,ينطلق أول قطار عادةً حوالي الساعة 5:30 صباحًا من محطة الرياض المركزية (وقت تقريبي وقد يختلف بضع دقائق حسب المحطة).
متى ينطلق أول قطار من محطة الرياض إلى محطة السلام؟,ينطلق أول قطار عادةً حوالي الساعة 5:30 صباحًا من محطة الرياض المركزية (وقت تقريبي وقد يختلف بضع دقائق حسب المحطة).
متى ينطلق أول قطار من محطة الرياض إلى محطة حطين؟,ينطلق أول قطار عادةً حوالي الساعة 5:30 صباحًا من محطة الرياض المركزية (وقت تقريبي وقد يختلف بضع دقائق حسب المحطة).
متى ينطلق أول قطار من محطة الرياض إلى محطة الملك عبدالله المالي؟,ينطلق أول قطار عادةً حوالي الساعة 5:30 صباحًا من محطة الرياض المركزية (وقت تقريبي وقد يختلف بضع دقائق حسب المحطة).
متى ينطلق أول قطار من محطة الرياض إلى محطة صلاح الدين؟,ينطلق أول قطار عادةً حوالي الساعة 5:30 صباحًا من محطة الرياض المركزية (وقت تقريبي وقد يختلف بضع دقائق حسب المحطة).
ما موعد آخر قطار من محطة الرياض إلى محطة العليا؟,"يغادر آخر قطار تقريبًا قبل منتصف الليل بوقت قليل — عادةً حول الساعة 23:40–23:55 حسب المحطة، ويصل بعض الوجهات بعد منتصف الليل بقليل."
ما موعد آخر قطار من محطة الرياض إلى محطة المتحف الوطني؟,يغادر الساعة 11:50 مساءً ويصل الساعة 12:05 منتصف الليل.
ما موعد آخر قطار من محطة الرياض إلى محطة KAFD؟,يغادر الساعة 11:45 مساءً ويصل الساعة 12:05 منتصف الليل.
ما موعد آخر قطار من محطة الرياض إلى محطة المطار؟,يغادر الساعة 11:40 مساءً ويصل الساعة 12:10 منتصف الليل.
ما موعد آخر قطار من محطة الرياض إلى محطة قصر الحكم؟,يغادر الساعة 11:55 مساءً ويصل الساعة 12:05 منتصف الليل.
ما موعد آخر قطار من محطة الرياض إلى محطة السويدي؟,يغادر الساعة 11:35 مساءً ويصل الساعة 00:00 (منتصف الليل).
ما موعد آخر قطار من محطة الرياض إلى محطة السلام؟,يغادر الساعة 11:30 مساءً ويصل الساعة 00:00 (منتصف الليل).
ما موعد آخر قطار من محطة الرياض إلى محطة حطين؟,يغادر الساعة 11:50 مساءً ويصل الساعة 12:05 منتصف الليل.
ما موعد آخر قطار من محطة الرياض إلى محطة الملك عبدالله المالي؟,يغادر الساعة 11:45 مساءً ويصل الساعة 00:00 (منتصف الليل).
ما موعد آخر قطار من محطة الرياض إلى محطة صلاح الدين؟,يغادر الساعة 11:50 مساءً ويصل الساعة 12:05 منتصف الليل.
كم تستغرق الرحلة من محطة الرياض إلى محطة العليا؟,تستغرق الرحلة حوالي 10 دقائق.
كم تستغرق الرحلة من محطة الرياض إلى محطة المتحف الوطني؟,حوالي 15 دقيقة.
كم تستغرق الرحلة من محطة الرياض إلى محطة KAFD؟,حوالي 20 دقيقة.
كم تستغرق الرحلة من محطة الرياض إلى محطة المطار؟,حوالي 25 دقيقة.
كم تستغرق الرحلة من محطة الرياض إلى محطة قصر الحكم؟,حوالي 12 دقيقة.
كم تستغرق الرحلة من محطة الرياض إلى محطة السويدي؟,حوالي 30 دقيقة.
كم تستغرق الرحلة من محطة الرياض إلى محطة السلام؟,حوالي 35 دقيقة.
كم تستغرق الرحلة من محطة الرياض إلى محطة حطين؟,حوالي 18 دقيقة.
كم تستغرق الرحلة من محطة الرياض إلى محطة الملك عبدالله المالي؟,حوالي 22 دقيقة.
كم تستغرق الرحلة من محطة الرياض إلى محطة صلاح الدين؟,حوالي 16 دقيقة.
ما مواعيد القطارات من محطة الرياض إلى جميع المحطات في الصباح؟,تنطلق القطارات بين الساعة 6:00 و6:10 صباحًا بفاصل 3 دقائق.
ما مواعيد القطارات من محطة الرياض إلى جميع المحطات في المساء؟,تنطلق القطارات بين الساعة 10:00 و11:55 مساءً بفاصل 5 دقائق.
هل تتغير المواعيد يوم الجمعة؟,"نعم، تبدأ الخدمة الساعة 2:00 ظهرًا وتستمر حتى 00:00 (منتصف الليل)."
كم عدد الرحلات اليومية من محطة الرياض إلى محطة العليا؟,توجد أكثر من 80 رحلة يوميًا بين المحطتين.
كم عدد الرحلات اليومية من محطة الرياض إلى محطة المطار؟,حوالي 50 رحلة يوميًا في الاتجاهين.
هل تتوفر رحلات متكررة كل ساعة من محطة الرياض؟,"نعم، تغادر القطارات كل 5 دقائق تقريبًا من محطة الرياض المركزية."
هل تعمل القطارات بنفس الجدول في عطلة نهاية الأسبوع؟,"نعم، مع تقليل عدد الرحلات في الفترات الصباحية."
هل يمكن معرفة مواعيد الوصول بدقة عبر التطبيق؟,"نعم، تطبيق مترو الرياض يوفر أوقات الانطلاق والوصول في الوقت الفعلي."
هل تتأخر القطارات عن مواعيدها؟,"نادراً جدًا، إذ يتم ضبط الجداول إلكترونيًا للحفاظ على الدقة."
هل تختلف أوقات الرحلات بين الصيف والشتاء؟,"لا، المواعيد ثابتة طوال العام إلا في بعض المناسبات الرسمية."
